Method,RMSE2017,Runtime2017
LGBM(x),3.6319716183093513,0.025771428571428574
